{
  "datasets": {
    "obfuscated_1": {
      "runs": [
        {
          "run": 1,
          "total": 68,
          "correct": 32,
          "incorrect": 36,
          "error_ids": [
            1,
            2,
            3,
            4,
            5,
            6,
            11,
            16,
            17,
            23,
            24,
            26,
            27,
            28,
            29,
            33,
            35,
            36,
            37,
            38,
            39,
            43,
            48,
            50,
            51,
            52,
            53,
            54,
            55,
            58,
            59,
            60,
            62,
            64,
            67,
            68
          ],
          "sorry_ids": [],
          "banned_tactics_usage": {},
          "banned_count": 0,
          "correct_rate": 0.47058823529411764,
          "avg_time": 153.96312745529062
        },
        {
          "run": 2,
          "total": 68,
          "correct": 33,
          "incorrect": 35,
          "error_ids": [
            1,
            2,
            3,
            4,
            7,
            17,
            22,
            23,
            24,
            26,
            27,
            28,
            29,
            35,
            36,
            37,
            38,
            39,
            41,
            43,
            48,
            49,
            50,
            51,
            52,
            54,
            55,
            58,
            59,
            61,
            62,
            63,
            64,
            65,
            67
          ],
          "sorry_ids": [],
          "banned_tactics_usage": {},
          "banned_count": 0,
          "correct_rate": 0.4852941176470588,
          "avg_time": 155.20528429396012
        },
        {
          "run": 3,
          "total": 68,
          "correct": 30,
          "incorrect": 38,
          "error_ids": [
            1,
            2,
            3,
            4,
            7,
            9,
            17,
            18,
            22,
            23,
            24,
            25,
            27,
            29,
            32,
            33,
            35,
            36,
            37,
            38,
            39,
            43,
            48,
            49,
            50,
            51,
            52,
            53,
            54,
            55,
            59,
            62,
            63,
            64,
            65,
            66,
            67,
            68
          ],
          "sorry_ids": [],
          "banned_tactics_usage": {},
          "banned_count": 0,
          "correct_rate": 0.4411764705882353,
          "avg_time": 141.3468196251813
        },
        {
          "run": 4,
          "total": 68,
          "correct": 36,
          "incorrect": 32,
          "error_ids": [
            1,
            2,
            3,
            4,
            6,
            7,
            17,
            22,
            23,
            24,
            27,
            28,
            29,
            35,
            36,
            37,
            38,
            39,
            43,
            48,
            49,
            52,
            53,
            54,
            55,
            58,
            59,
            62,
            63,
            64,
            66,
            67
          ],
          "sorry_ids": [],
          "banned_tactics_usage": {},
          "banned_count": 0,
          "correct_rate": 0.5294117647058824,
          "avg_time": 139.07399227689294
        },
        {
          "run": 5,
          "total": 68,
          "correct": 29,
          "incorrect": 39,
          "error_ids": [
            1,
            2,
            3,
            4,
            9,
            17,
            18,
            21,
            23,
            24,
            25,
            26,
            27,
            29,
            32,
            33,
            35,
            36,
            37,
            38,
            39,
            41,
            43,
            48,
            49,
            50,
            51,
            52,
            53,
            54,
            55,
            58,
            59,
            61,
            63,
            64,
            65,
            66,
            67
          ],
          "sorry_ids": [],
          "banned_tactics_usage": {},
          "banned_count": 0,
          "correct_rate": 0.4264705882352941,
          "avg_time": 139.54606011334587
        }
      ],
      "correct_rates": [
        0.47058823529411764,
        0.4852941176470588,
        0.4411764705882353,
        0.5294117647058824,
        0.4264705882352941
      ],
      "avg_times": [
        153.96312745529062,
        155.20528429396012,
        141.3468196251813,
        139.07399227689294,
        139.54606011334587
      ],
      "avg_correct_rate": 0.4705882352941176,
      "overall_avg_time": 145.82705675293417
    },
    "obfuscated_5": {
      "runs": [
        {
          "run": 1,
          "total": 68,
          "correct": 43,
          "incorrect": 25,
          "error_ids": [
            2,
            3,
            9,
            17,
            18,
            23,
            26,
            27,
            28,
            36,
            37,
            38,
            39,
            48,
            49,
            50,
            52,
            54,
            55,
            59,
            62,
            63,
            64,
            66,
            67
          ],
          "sorry_ids": [],
          "banned_tactics_usage": {},
          "banned_count": 0,
          "correct_rate": 0.6323529411764706,
          "avg_time": 152.11177603637472
        },
        {
          "run": 2,
          "total": 68,
          "correct": 38,
          "incorrect": 30,
          "error_ids": [
            3,
            4,
            6,
            7,
            9,
            16,
            17,
            23,
            24,
            27,
            28,
            35,
            36,
            38,
            39,
            49,
            50,
            51,
            52,
            53,
            54,
            55,
            57,
            58,
            61,
            63,
            64,
            65,
            66,
            67
          ],
          "sorry_ids": [],
          "banned_tactics_usage": {},
          "banned_count": 0,
          "correct_rate": 0.5588235294117647,
          "avg_time": 157.79582902263192
        },
        {
          "run": 3,
          "total": 68,
          "correct": 37,
          "incorrect": 31,
          "error_ids": [
            3,
            4,
            6,
            7,
            9,
            16,
            17,
            21,
            23,
            24,
            32,
            36,
            38,
            39,
            40,
            41,
            48,
            49,
            50,
            52,
            53,
            54,
            55,
            58,
            59,
            61,
            63,
            64,
            66,
            67,
            68
          ],
          "sorry_ids": [],
          "banned_tactics_usage": {},
          "banned_count": 0,
          "correct_rate": 0.5441176470588235,
          "avg_time": 171.72822131830102
        },
        {
          "run": 4,
          "total": 68,
          "correct": 41,
          "incorrect": 27,